{
    "layer_name": "relu2_2",
    "turbulence_source": "QuickTurbSim (physics-based)",
    "turbulent_labels": [
        "weak",
        "medium",
        "strong"
    ],
    "noise_labels": [
        "\u03c3=0.01",
        "\u03c3=0.10",
        "\u03c3=0.20"
    ],
    "turbulence": {
        "l1_losses": [
            14.692366170965993,
            17.718115738230612,
            19.933209625619867
        ],
        "l2_losses": [
            23.58364755451832,
            27.777322537909026,
            30.77533594874634
        ],
        "perceptual_losses": [
            2.0914571285247803,
            2.1124203205108643,
            2.120473623275757
        ]
    },
    "noise": {
        "l1_losses": [
            1.9942481712037436,
            19.204468361269047,
            36.92881626215211
        ],
        "l2_losses": [
            2.5619014096033794,
            24.550382307505597,
            46.894144937318465
        ],
        "perceptual_losses": [
            0.45984530448913574,
            2.5936484336853027,
            3.9944891929626465
        ]
    },
    "image_path": "data/test_images/boat.jpg"
}