{
    "layer_name": "relu5_3",
    "turbulence_source": "QuickTurbSim (physics-based)",
    "turbulent_labels": [
        "weak",
        "medium",
        "strong"
    ],
    "noise_labels": [
        "\u03c3=0.01",
        "\u03c3=0.10",
        "\u03c3=0.20"
    ],
    "turbulence": {
        "l1_losses": [
            14.692366170965993,
            17.718115738230612,
            19.933209625619867
        ],
        "l2_losses": [
            23.58364755451832,
            27.777322537909026,
            30.77533594874634
        ],
        "perceptual_losses": [
            0.4642719328403473,
            0.4745558798313141,
            0.4711419939994812
        ]
    },
    "noise": {
        "l1_losses": [
            1.993466299795979,
            19.19527629827863,
            36.93058972820062
        ],
        "l2_losses": [
            2.560725981605243,
            24.54075459857396,
            46.88387778570563
        ],
        "perceptual_losses": [
            0.10599920898675919,
            0.41277816891670227,
            0.4837983250617981
        ]
    },
    "image_path": "data/test_images/boat.jpg"
}