{
    "layer_name": "relu3_3",
    "turbulence_source": "QuickTurbSim (physics-based)",
    "turbulent_labels": [
        "weak",
        "medium",
        "strong"
    ],
    "noise_labels": [
        "\u03c3=0.01",
        "\u03c3=0.10",
        "\u03c3=0.20"
    ],
    "turbulence": {
        "l1_losses": [
            14.692366170965993,
            17.718115738230612,
            19.933209625619867
        ],
        "l2_losses": [
            23.58364755451832,
            27.777322537909026,
            30.77533594874634
        ],
        "perceptual_losses": [
            2.5718212127685547,
            2.625929117202759,
            2.6254687309265137
        ]
    },
    "noise": {
        "l1_losses": [
            1.993142146928038,
            19.186282554216355,
            36.93235623569026
        ],
        "l2_losses": [
            2.559832135270436,
            24.525336305171543,
            46.90325502074994
        ],
        "perceptual_losses": [
            0.5765913128852844,
            2.288827657699585,
            2.938392400741577
        ]
    },
    "image_path": "data/test_images/boat.jpg"
}