{
    "layer_name": "relu4_3",
    "turbulence_source": "QuickTurbSim (physics-based)",
    "turbulent_labels": [
        "weak",
        "medium",
        "strong"
    ],
    "noise_labels": [
        "\u03c3=0.01",
        "\u03c3=0.10",
        "\u03c3=0.20"
    ],
    "turbulence": {
        "l1_losses": [
            14.692366170965993,
            17.718115738230612,
            19.933209625619867
        ],
        "l2_losses": [
            23.58364755451832,
            27.777322537909026,
            30.77533594874634
        ],
        "perceptual_losses": [
            1.0530128479003906,
            1.0823156833648682,
            1.0698281526565552
        ]
    },
    "noise": {
        "l1_losses": [
            1.9934106313249194,
            19.194837329189124,
            36.9424531046287
        ],
        "l2_losses": [
            2.5607968599031508,
            24.542509414133054,
            46.9122874348388
        ],
        "perceptual_losses": [
            0.2386433333158493,
            0.9077427387237549,
            1.0845756530761719
        ]
    },
    "image_path": "data/test_images/boat.jpg"
}