{
    "selected_layers": [
        "relu1_2",
        "relu2_2",
        "relu3_3",
        "relu4_3"
    ],
    "l1_distances": {
        "relu1_2": 0.2468205839395523,
        "relu2_2": 0.3827810287475586,
        "relu3_3": 0.2333718240261078,
        "relu4_3": 0.049657948315143585
    },
    "l2_distances": {
        "relu1_2": 0.6144076585769653,
        "relu2_2": 1.044265866279602,
        "relu3_3": 0.8815709948539734,
        "relu4_3": 0.2659015357494354
    },
    "pixel_l1": 5.7408547623120585,
    "pixel_l2": 11.548899224087204,
    "recommended_layer": "relu4_3",
    "normalized_distances": {
        "relu1_2": 0.053200538566958236,
        "relu2_2": 0.09042124673679783,
        "relu3_3": 0.07633376807161901,
        "relu4_3": 0.023023972292948256
    },
    "image_path": "data/test_images/boat.jpg"
}