{
    "layer_name": "relu1_2",
    "turbulence_source": "QuickTurbSim (physics-based)",
    "turbulent_labels": [
        "weak",
        "medium",
        "strong"
    ],
    "noise_labels": [
        "\u03c3=0.01",
        "\u03c3=0.10",
        "\u03c3=0.20"
    ],
    "turbulence": {
        "l1_losses": [
            14.692366170965993,
            17.718115738230612,
            19.933209625619867
        ],
        "l2_losses": [
            23.58364755451832,
            27.777322537909026,
            30.77533594874634
        ],
        "perceptual_losses": [
            0.9715773463249207,
            0.9971691370010376,
            1.0088528394699097
        ]
    },
    "noise": {
        "l1_losses": [
            1.9930052952700164,
            19.19428335058476,
            36.92968221614637
        ],
        "l2_losses": [
            2.559942755246474,
            24.537490546446055,
            46.894701090560616
        ],
        "perceptual_losses": [
            0.16349664330482483,
            1.2003434896469116,
            2.0350501537323
        ]
    },
    "image_path": "data/test_images/boat.jpg"
}